 [
  {
  "params": [],
  "scheme": "",
  "permission": 3,
  "desc": "js端初始化完成后调用，表示native可以开始调用js方法了",
  "name": "init"
  },
  {
  "params": [
             {
             "name": "id"
             },
             {
             "name": "client_msg_id",
             "desc": "两个id，选填一个即可"
             },
             {
             "name": "_idx",
             "desc": "消息里的第几个卡片"
             }
             ],
  "scheme": "",
  "permission": 0,
  "desc": "删除某条消息（只是在客户端本地打标记，这个客户端不再显示）",
  "name": "delMsg"
  },
  {
  "params": [
             {
             "name": "_ori_image",
             "desc": "本地原始图片地址，大图"
             },
             {
             "name": "query_type",
             "default": 1,
             "desc": "query_type的说明文档 http://agroup.baidu.com/dbo/md/article/49113"
             },
             {
             "name": "content_type:",
             "desc": "如果是图片消息，需要传'image'"
             },
             {
             "name": "image_height",
             "desc": "图片高度"
             },
             {
             "name": "image_width",
             "desc": "图片宽度"
             },
             {
             "name": "request_query",
             "default": "测试query",
             "desc": "文字query，或者图片地址"
             }
             ],
  "scheme": "",
  "permission": 0,
  "desc": "删除某条消息（只是在客户端本地打标记，这个客户端不再显示）",
  "name": "sendMsg"
  },
  {
  "params": [
             {
             "name": "id",
             "desc": "消息id"
             },
             {
             "name": "client_msg_id",
             "desc": "消息的client_msg_id，和id二选一"
             },
             {
             "name": "_idx",
             "desc": "消息里的第几个卡片"
             },
             {
             "name": "oldest_sort_key",
             "desc": "当前聊天界面里最老的一条消息的sort_key"
             },
             {
             "name": "top",
             "desc": "被点击的图片,相对于浏览器可视区域左上角的top"
             },
             {
             "name": "left",
             "desc": "被点击的图片，相对于浏览器可视区域左上角的left"
             },
             {
             "name": "width",
             "desc": "被电击的图片宽度"
             },
             {
             "name": "height",
             "desc": "被电击的图片高度，以上4个字段，可以用来实现图片浏览器打开的动画效果"
             },
             {
             "name": "result_type",
             "desc": "被点击的卡片类型（现在的逻辑gif_face 会单独处理）"
             }
             ],
  "scheme": "",
  "permission": 0,
  "desc": "对话流里打开图片浏览器",
  "name": "imgviewer"
  },
  {
  "params": [],
  "scheme": "",
  "permission": 0,
  "desc": "关闭对话流的tab",
  "name": "closeTab"
  },
  {
  "params": [
             {
             "name": "id",
             "desc": "消息id"
             }
             ],
  "scheme": "",
  "permission": 0,
  "desc": "重新加载对话流的某条异步大消息",
  "name": "reloadMsg"
  },
  {
  "params": [
             {
             "name": "cancel_btn",
             "default": "取消",
             "desc": "可选，为空的时候没有\"取消\"按钮"
             },
             {
             "name": "title",
             "default": "test title",
             "desc": "可选，为空的时候没有title"
             },
             {
             "name": "desc",
             "default": "test content",
             "desc": "必选，弹框的内容"
             },
             {
             "name": "ok_btn",
             "default": "确定",
             "desc": "可选，为空的时候没有\"确定\"按钮"
             }
             ],
  "scheme": "",
  "permission": 0,
  "desc": "弹一个native的alert框",
  "name": "alert"
  },
  {
  "params": [
             {
             "name": "text",
             "desc": "待复制的文字"
             }
             ],
  "scheme": "",
  "permission": 0,
  "desc": "复制一段文字到系统剪贴板",
  "name": "copy"
  },
  {
  "params": [
             {
             "name": "text",
             "desc": "填入到输入框中的文字"
             }
             ],
  "scheme": "",
  "permission": 0,
  "desc": "弹起输入框进入焦点，拉起软键盘，并且填入一段文字",
  "name": "startInput"
  },
  {
  "params": [
             {
             "name": "title",
             "desc": "分享标题",
             "default": "测试分享标题"
             },
             {
             "name": "content",
             "desc": "分享内容",
             "default": "测试分享内容"
             },
             {
             "name": "img",
             "desc": "可选，图片地址",
             "default": "https://ss0.bdstatic.com/5aV1bjqh_Q23odCf/static/superman/img/logo_top_ca79a146.png"
             },
             {
             "name": "url",
             "desc": "url"
             }
             ],
  "scheme": "",
  "permission": 2,
  "desc": "弹起输入框进入焦点，拉起软键盘，并且填入一段文字",
  "name": "share"
  },
  {
  "params": [],
  "return_params": {
  "name": "methods",
  "type": "Array",
  "desc": "方法名的数组"
  },
  "scheme": "",
  "permission": 3,
  "desc": "获得所有支持的方法名（根据当前webview权限）",
  "name": "getSupportMethods"
  },
  {
  "params": [],
  "return_params": [
                    {
                    "name": "device_brand",
                    "desc": "//设备品牌 （目前只有对外sdk有该字段），ios写死\"apple\"，安卓取android.os.Build.BRAND"
                    },
                    {
                    "name": "device_model",
                    "desc": "设备具体型号 （目前只有对外sdk有该字段）ios取 设备型号字符串 sysctlbyname(\"hw.machine\", name, &size, NULL, 0);，安卓取android.os.Build.MODEL"
                    },
                    {
                    "name": "channel_from",
                    "desc": "入口from"
                    },
                    {
                    "name": "channel_ctag",
                    "desc": "入口ctag"
                    },
                    {
                    "name": "channel",
                    "desc": "安装渠道"
                    },
                    {
                    "name": "lo",
                    "desc": "lo"
                    },
                    {
                    "name": "la",
                    "desc": "la"
                    },
                    {
                    "name": "location_system",
                    "desc": "wgs84/bd09mc/bd09ll"
                    },
                    {
                    "name": "cuid",
                    "desc": "cuid"
                    },
                    {
                    "name": "from_client",
                    "desc": "客户端类型"
                    },
                    {
                    "name": "app_ver",
                    "desc": "客户端版本"
                    },
                    {
                    "name": "operation_system",
                    "desc": "android/ios"
                    },
                    {
                    "name": "appid",
                    "desc": "appid"
                    },
                    {
                    "name": "os_version",
                    "desc": "操作系统版本"
                    }
                    ],
  "scheme": "xiaoduapp://getStaticInfo?callback=getStaticInfo",
  "permission": 1,
  "desc": "获得客户端信息，用于发日志等",
  "name": "getClientInfo"
  },
  {
  "params": [],
  "return_params": [
                    {
                    "name": "status",
                    "desc": "有以下取值：net_no 无网络; 2_0 2g; 3_0 3g; 4_0 4g; 1_0 wifi; net_unknown 不认识的网络方法名的数组"
                    }
                    ],
  "scheme": "",
  "permission": 3,
  "desc": "获取当前网络状态",
  "name": "getNetwork"
  },
  {
  "params": [
             {
             "name": "url",
             "desc": ""
             },
             {
             "name": "method",
             "desc": "get/post http方法"
             },
             {
             "name": "data",
             "desc": "如果method=post，这个是post内容"
             }
             ],
  "return_params": {
  "name": "data",
  "desc": "string，返回的全部内容"
  },
  "scheme": "",
  "permission": 0,
  "desc": "发http请求",
  "name": "httprequest"
  },
  {
  "params": [
             {
             "name": "query",
             "default": "TTS播报测试",
             "desc": "tts播放的query"
             }
             ],
  "scheme": "xiaoduapp://nativeTTS?action=ttsPlay&query=TTS%E6%92%AD%E6%8A%A5%E6%B5%8B%E8%AF%95",
  "permission": 2,
  "desc": "tts队列中加入一句话，并且播报",
  "name": "startTTS"
  },
  {
  "params": [],
  "scheme": "xiaoduapp://nativeTTS?action=ttsStop",
  "permission": 2,
  "desc": "停止tts播报，并且清空tts队列",
  "name": "stopTTS"
  },
  {
  "params": [
             {
             "name": "endCallback",
             "default": "recogniseVoiceResult",
             "desc": "全局js函数名，返回结果文字"
             },
             {
             "name": "progressCallback",
             "default": "updateVoiceInputContent",
             "desc": "上屏用的全局js函数名，识别过程中会回调很多次，参数就是语音上屏文字string"
             },
             {
             "name": "failCallback",
             "default": "recogniseVoiceFail",
             "desc": "识别失败的callback函数名，参数是substatus"
             },
             {
             "name": "startCallback",
             "default": "callStartVoiceInputState",
             "desc": "启动语音的回调，参数是status"
             },
             {
             "name": "volumnCallback",
             "default": "currentVolumeLevel",
             "desc": "当前音量callback函数名,参数是0-100的数字"
             },
             {
             "name": "statusCallback",
             "default": "recogniseState",
             "desc": "全局js函数名,识别状态变化，参数是status"
             }
             ],
  "scheme": "xiaoduapp://nativeVoice?action=callVoiceTouchReco",
  "permission": 2,
  "desc": "开始语音识别",
  "name": "startListen"
  },
  {
  "params": [
             {
             "name": "endCallback",
             "default": "recogniseVoiceResult",
             "desc": "全局js函数名，返回结果文字"
             },
             {
             "name": "progressCallback",
             "default": "updateVoiceInputContent",
             "desc": "上屏用的全局js函数名，识别过程中会回调很多次，参数就是语音上屏文字string"
             },
             {
             "name": "failCallback",
             "default": "recogniseVoiceFail",
             "desc": "识别失败的callback函数名，参数是substatus"
             },
             {
             "name": "startCallback",
             "default": "callStartVoiceInputState",
             "desc": "启动语音的回调，参数是status"
             },
             {
             "name": "volumnCallback",
             "default": "currentVolumeLevel",
             "desc": "当前音量callback函数名,参数是0-100的数字"
             },
             {
             "name": "statusCallback",
             "default": "recogniseState",
             "desc": "全局js函数名,识别状态变化，参数是status"
             }
             ],
  "scheme": "xiaoduapp://nativeVoice?action=callVoiceTouchReco",
  "permission": 2,
  "desc": "开始语音识别,自动识别结果",
  "name": "startListenAutoEnd"
  },
  {
  "params": [],
  "return_params": {
  "name": "result",
  "desc": "语音识别最后返回的object"
  },
  "scheme": "xiaoduapp://nativeVoice?action=stopVoiceRecognition",
  "permission": 2,
  "desc": "结束语音识别（放开说话按钮）",
  "name": "endListen"
  },
  {
  "params": [],
  "return_params": {
  "name": "result",
  "desc": "语音识别最后返回的object"
  },
  "scheme": "xiaoduapp://nativeVoice?action=cancelVoiceRecognition",
  "permission": 2,
  "desc": "结束语音识别（放开说话按钮）",
  "name": "stopListen"
  },
  {
  "params": [
             {
             "name": "_ori_image",
             "desc": "本地原始图片地址，大图"
             },
             {
             "name": "query_type",
             "default": 1,
             "desc": "query_type的说明文档 http://agroup.baidu.com/dbo/md/article/49113"
             },
             {
             "name": "content_type:",
             "desc": "如果是图片消息，需要传'image'"
             },
             {
             "name": "image_height",
             "desc": "图片高度"
             },
             {
             "name": "image_width",
             "desc": "图片宽度"
             },
             {
             "name": "request_query",
             "default": "测试query",
             "desc": "文字query，或者图片地址"
             },
             {
             "name": "channel_from",
             "default": "test_from",
             "desc": "from"
             },
             {
             "name": "channel_ctag",
             "default": "test_ctag",
             "desc": "ctag"
             }
             ],
  "return_params": {
  "name": "result",
  "desc": "语音识别最后返回的object"
  },
  "scheme": "xiaoduapp://sendMessage?request_query=%E6%B5%8B%E8%AF%95query&from=test_from",
  "permission": 1,
  "desc": "发消息，并且退回到聊天界面",
  "name": "sendMsgToChat"
  },
  {
  "params": [],
  "return_params": null,
  "scheme": "xiaoduapp://xiaodu.baidu.com?action=backToChatView",
  "permission": 3,
  "desc": "关闭当前webview，回退到聊天界面",
  "name": "closeWebviewToChat"
  },
  {
  "params": [],
  "return_params": null,
  "scheme": "xiaoduapp://xiaodu.baidu.com?action=back",
  "permission": 3,
  "desc": "关闭当前webview，回退到打开webview之前的界面",
  "name": "closeWebview"
  },
  {
  "params": [
             {
             "name": "ios_scheme",
             "default": "diditaxi://",
             "desc": "调起ios app的scheme"
             },
             {
             "name": "appstore_url",
             "default": "https://itunes.apple.com/cn/app/di-di-chu-xing-chu-zu-che/id554499054?mt=8",
             "desc": "app store的地址"
             },
             {
             "name": "android_package",
             "default": "com.sdu.didi.psnger",
             "desc": "ctag"
             },
             {
             "name": "android_url",
             "default": "http://mobile.baidu.com/#/item?docid=8687044",
             "desc": "安卓版app下载地址"
             }
             ],
  "return_params": null,
  "scheme": "xiaoduapp://openapp?ios_scheme={ios_scheme}&appstore_url={appstore_url}&android_package={android_package}&android_url={android_url}",
  "permission": 2,
  "desc": "尝试打开其它app，app打不开的时候，使用下载地址",
  "name": "openapp"
  },
  {
  "params": [
             {
             "name": "on",
             "default": "1",
             "desc": "1代表打开，0代表关闭"
             }
             ],
  "return_params": null,
  "scheme": "xiaoduapp://flashlight?on={on}",
  "permission": 1,
  "desc": "打开/关闭手电筒",
  "name": "flashlight"
  },
  {
  "params": [
             {
             "name": "on",
             "default": "1",
             "desc": "1代表打开，0代表关闭"
             }
             ],
  "return_params": null,
  "scheme": "xiaoduapp://opensystemsetting-bluetooth?on={on}",
  "permission": 1,
  "desc": "打开蓝牙设置",
  "name": "opensystemsettingBluetooth"
  },
  {
  "params": [
             {
             "name": "on",
             "default": "1",
             "desc": "1代表打开，0代表关闭"
             }
             ],
  "return_params": null,
  "scheme": "xiaoduapp://opensystemsetting-wifi?on={on}",
  "permission": 1,
  "desc": "打开蓝牙设置",
  "name": "opensystemsettingWifi"
  },
  {
  "params": [
             {
             "name": "on",
             "default": "1",
             "desc": "1代表打开，0代表关闭"
             }
             ],
  "return_params": null,
  "scheme": "xiaoduapp://opensystemsetting-general?on={on}",
  "permission": 1,
  "desc": "打开设置",
  "name": "opensystemsettingGeneral"
  },
  {
  "params": [
             {
             "name": "number",
             "default": "",
             "desc": "可选，电话号码"
             },
             {
             "name": "pinyin",
             "default": "",
             "desc": "可选，联系人的拼音"
             },
             {
             "name": "name",
             "default": "",
             "desc": "可选，联系人的名字"
             }
             ],
  "return_params": null,
  "scheme": "xiaoduapp://phone?number={number}&pinyin={pinyin}&name={name}",
  "permission": 1,
  "desc": "给某个联系人打电话",
  "name": "phone"
  },
  {
  "params": [
             {
             "name": "number",
             "default": "",
             "desc": "可选，电话号码，可以是逗号分隔的多个号码"
             },
             {
             "name": "pinyin",
             "default": "",
             "desc": "可选，联系人的拼音，可以是逗号分隔的多个人"
             },
             {
             "name": "name",
             "default": "",
             "desc": "可选，联系人的名字，可以是逗号分隔的多个人"
             },
             {
             "name": "content",
             "default": "",
             "desc": "可选，短信内容"
             }
             ],
  "return_params": null,
  "scheme": "xiaoduapp://sms?pinyin={pinyin}&number={number}&name={name}&content={content}",
  "permission": 1,
  "desc": "发短信",
  "name": "sms"
  },
  {
  "params": [],
  "return_params": null,
  "scheme": "xiaoduapp://contacts",
  "permission": 1,
  "desc": "打开通信录",
  "name": "contacts"
  },
  {
  "params": [],
  "return_params": null,
  "scheme": "xiaoduapp://opensystemmemo",
  "permission": 1,
  "desc": "打开记事本",
  "name": "opensystemmemo"
  },
  {
  "params": [],
  "return_params": null,
  "scheme": "xiaoduapp://usercenter?action=userinfo",
  "permission": 1,
  "desc": "打开个人中心",
  "name": "openUserCenter"
  },
  {
  "params": [],
  "return_params": null,
  "scheme": "",
  "permission": 1,
  "desc": "打开提醒中心",
  "name": "openReminderCenter"
  },
  {
  "params": [],
  "return_params": null,
  "scheme": "",
  "permission": 1,
  "desc": "打开提醒中心",
  "name": "openDiscoveryCenter"
  },
  {
  "params": [],
  "return_params": null,
  "scheme": "xiaoduapp://usercenter?action=order",
  "permission": 1,
  "desc": "打开订单中心",
  "name": "openOrder"
  },
  {
  "params": [],
  "return_params": null,
  "scheme": "xiaoduapp://usercenter?action=help",
  "permission": 1,
  "desc": "帮助页面",
  "name": "openHelp"
  },
  {
  "params": [],
  "return_params": null,
  "scheme": "xiaoduapp://usercenter?action=qianbao",
  "permission": 1,
  "desc": "帮助页面",
  "name": "openQianbao"
  },
  {
  "params": [],
  "return_params": null,
  "scheme": "xiaoduapp://usercenter?action=setting",
  "permission": 1,
  "desc": "app设置页",
  "name": "openSettings"
  },
  {
  "params": [
             {
             "name": "url",
             "default": "",
             "desc": "http/https地址"
             },
             {
             "name": "browsertype",
             "default": "",
             "desc": "shoubai/duer，可选字段，默认是shoubai，在手百里，需要选择用手百webview打开还是用自己的webview打开"
             },
             {
             "name": "id",
             "default": "",
             "desc": "可选，点击的消息id，用于自动填单"
             },
             {
             "name": "logid",
             "default": "",
             "desc": "可选 消息的logid"
             },
             {
             "name": "menubar",
             "default": "",
             "desc": "可选，一个object， 打开地址后，直接以这个值执行setMenuBar"
             }
             ],
  "return_params": null,
  "scheme": "xiaoduapp://opennewweb?action=opennewurl&url=http://nj03-rp-m22nlp156.nj03.baidu.com:8288/saiya/userinfo/companyDetail?from=personal&isBackClose=true",
  "permission": 2,
  "desc": "用新webview窗口打开web地址",
  "name": "openurl"
  },
  {
  "params": [
             {
             "name": "url",
             "default": "bnsdk://tuandetail?tuanid=&cityName=&cityName=",
             "desc": "团购sdk地址，说明： http://agroup.baidu.com/duer/md/article/21812"
             }
             ],
  "return_params": null,
  "scheme": "bnsdk://tuandetail?tuanid=&cityName=&cityName=",
  "permission": 2,
  "desc": "打开团购sdk的地址",
  "name": "openurl"
  },
  {
  "params": [
             {
             "name": "url",
             "default": "compxiaodu://component?subChannel=duercompid=waimai&comppage=shopinfo&shop_name=&shop_id=1437833425",
             "desc": "电影、外卖sdk的地址 (shop_name需要进行encode，只用来展示title, shop_id最重要) 说明： http://agroup.baidu.com/duer/md/article/21812"
             }
             ],
  "return_params": null,
  "scheme": "compxiaodu://component?subChannel=duercompid=waimai&comppage=shopinfo&shop_name=&shop_id=1437833425",
  "permission": 2,
  "desc": "打开电影、外卖sdk的地址",
  "name": "openurl"
  },
  {
  "params": [],
  "return_params": null,
  "scheme": "",
  "permission": 1,
  "desc": "打开登录界面，如果登录成功，退回到聊天界面重新初始化",
  "name": "login"
  },
  {
  "params": [],
  "return_params": null,
  "scheme": "xiaoduapp://xiaodu.baidu.com?action=backToLogin",
  "permission": 1,
  "desc": "登出，并且回退到聊天界面，重新初始化",
  "name": "logout"
  },
  {
  "params": [
             {
             "name": "params",
             "default": "",
             "desc": "支付参数，有订单号什么的，json字符串，参考boss模块的template/saiya/callsdk.tpl"
             }
             ],
  "return_params": null,
  "scheme": "xiaoduapp://xiaodu.baidu.com?action=pay&callback=payData",
  "permission": 1,
  "desc": "调用百度钱包SDK，进入支付界面。ios之前用的scheme，安卓用的BaiduLBSPay.payForThisOrder",
  "name": "openpay"
  },
  {
  "params": [
             {
             "name": "items",
             "default": "{\"items\":[{\"icon\":\"xiaoduicon://\",\"callback\":\"test_callback\"}]}",
             "desc": "icon可以是xiaoduicon://{icon_name}（icon_name可选：pref（⚙️设置）、reminder（🔔提醒中心）、discovery（📢发现中心）、share（➡️）分享），也可以是http://，只有一项的时候，按钮显示到外面；有多项的时候，按钮点开后显示菜单；callback是js全局函数名"
             }
             ],
  "return_params": null,
  "scheme": "",
  "permission": 2,
  "desc": "设置右上角按钮（包括图标和行为），右上角按钮默认值是根据 http://xiaodu.baidu.com/saiya/client/shareBlacklist，有匹配就为空，没有匹配项就触摸人的分享按钮",
  "name": "setMenuBar"
  },
  {
  "params": [
             {
             "name": "callback",
             "default": "default_callback",
             "desc": "js全局函数名，不设置默认是后退，不能后退就关闭"
             }
             ],
  "return_params": null,
  "scheme": "",
  "permission": 1,
  "desc": "设置返回行为",
  "name": "setBackAction"
  },
  {
  "params": [
             {
             "name": "callback",
             "default": "default_callback",
             "desc": "js全局函数名，不设置默认就关闭"
             }
             ],
  "return_params": null,
  "scheme": "",
  "permission": 1,
  "desc": "设置关闭行为",
  "name": "setCloseAction"
  },
  {
  "params": [],
  "return_params": null,
  "scheme": "xiaoduapp://controlmiaokai?action=webviewhide",
  "permission": 3,
  "desc": "隐藏秒开webview",
  "name": "miaokaihide"
  },
  {
  "params": [],
  "return_params": null,
  "scheme": "xiaoduapp://controlmiaokai?action=webviewshow",
  "permission": 3,
  "desc": "打开秒开webview",
  "name": "miaokaishow"
  },
  {
  "params": [],
  "return_params": null,
  "scheme": "xiaoduapp://controlmiaokai?action=webviewclosed",
  "permission": 3,
  "desc": "关闭秒开webview",
  "name": "miaokaiclose"
  },
  {
  "params": [],
  "return_params": [
                    {
                    "name": "longitude",
                    "default": "0",
                    "desc": "经度"
                    },
                    {
                    "name": "latitude",
                    "default": "0",
                    "desc": "纬度"
                    },
                    {
                    "name": "location_system",
                    "default": "default_callback",
                    "desc": "坐标系，bd09ll,wgs84,bd09mc"
                    }
                    ],
  "scheme": "xiaoduapp://duerbox?action=getLocation&getLocationCallBack=getLocationCallBack",
  "permission": 2,
  "desc": "获取位置，结果回传网页",
  "name": "getLocation"
  },
  {
  "params": [],
  "return_params": {
  "name": "is_login",
  "type": "int",
  "desc": "0代表未登录，1代表已登录"
  },
  "scheme": "xiaoduapp://duerbox?action=isLogin&isLoginCallBack=isLoginBackFunction",
  "permission": 2,
  "desc": "判断客户端是否登录",
  "name": "isLogin"
  },
  {
  "params": [],
  "scheme": "xiaoduapp://duer?action=showloading",
  "permission": 2,
  "desc": "屏幕中显示模态的loading图标",
  "name": "showloading"
  },
  {
  "params": [],
  "scheme": "xiaoduapp://duer?action=hideloading",
  "permission": 2,
  "desc": "关闭屏幕中的模态loading图标",
  "name": "hideloading"
  }
  ]
